ali = Ali Westerway
bernieshepherd = Bernie Shepherd
biffgriffin = Biff Griffin
brad = Brad Orchard
dalegodding = Dale Godding
dave = Dave Whitby
domwherry = Dom Wherry
dougbence = Doug Bence
fionacarlyon = Fiona Carlyon
garyking = Gary King
gwenmcgirl = Gwen McGirl
janetpollard = Janet Pollard
jennytrennelly = Jenny Trennelly
jimkane = Jim Kane
john = John Tyrrell
johnb = John Baldwin
kevinackford = Kevin Ackford
lu = Louise Martin
marjjames = Marj James
markfrazer = Mark Frazer
martinbate = Martin Bate
moiraking = Moira King
natalieturl = Natalie Turl
nathanhunkin = Nathan Hunkin
pamgriffin = Pam Griffin
paulinegiles = Pauline Giles
peteg = Pete Gibbons
richardwhitehouse = Richard Whitehouse
robmoore = Rob Moore
sallycarter = Sally Carter
sheilavanloo = Sheila Vanloo
simonpollard = Simon Pollard
stevetregidgo = Steve Tregidgo
